path,kind,source,status,note
assets/imagegen_native_v2/normalized/scene_01_hook.png,imagegen_native_reused,reused_from_v2 / built-in image_gen,used_in_draft_v5,ImageGen-native完成画。文字なしまたは既存native文字。後乗せ大見出しなし。
assets/official_v5/normalized/myna_app_home_official.png,official_image,https://services.digital.go.jp/mynaapp/communication-guidelines/,used_in_draft_v5,デジタル庁公式プレスキットのマイナポータル画面。AI再構成ではない。PII・ログイン情報は表示しない。
assets/imagegen_native_v5/normalized/convenience_certificate.png,imagegen_native_new,built-in image_gen,used_in_draft_v5,ImageGen-native完成画。文字なしまたは既存native文字。後乗せ大見出しなし。
assets/imagegen_native_v5/normalized/etax_home.png,imagegen_native_new,built-in image_gen,used_in_draft_v5,ImageGen-native完成画。文字なしまたは既存native文字。後乗せ大見出しなし。
assets/imagegen_native_v2/normalized/scene_03_health.png,imagegen_native_reused,reused_from_v2 / built-in image_gen,used_in_draft_v5,ImageGen-native完成画。文字なしまたは既存native文字。後乗せ大見出しなし。
assets/imagegen_native_v5/normalized/scene_03_health_focus.png,imagegen_native_meaningful_crop,scene_05_official.png の明示的な人物・スマホfocus crop,used_in_draft_v5,微小zoomではなく、別assetとして生成した意味のあるcrop state。
assets/imagegen_native_v2/normalized/scene_05_conclusion.png,imagegen_native_reused,reused_from_v2 / built-in image_gen,used_in_draft_v5,ImageGen-native完成画。文字なしまたは既存native文字。後乗せ大見出しなし。
assets/official_v5/channel_icon.png,canonical_channel_icon,local/channel/icon.png,used_in_draft_v5_cta,人間承認済み実チャンネルアイコン。180px。チャンネル名：大人のデジタル安心室。疑似subscribe UIなし。
assets/thumbnail_candidate/first_frame_thumbnail_candidate.png,first_frame_thumbnail_candidate,assets/imagegen_native_v2/normalized/scene_01_hook.png,reused_not_confirmed,サムネイル候補。サムネイル確定は未実施。
