filename,width,height,status,note
scene_001.png,1920,1080,generated,ready for Codex; official slots left blank where required
scene_002.png,1920,1080,generated,ready for Codex; official slots left blank where required
scene_003.png,1920,1080,generated,ready for Codex; official slots left blank where required
scene_004.png,1920,1080,generated,ready for Codex; official slots left blank where required
scene_005.png,1920,1080,generated,ready for Codex; official slots left blank where required
scene_006.png,1920,1080,generated,ready for Codex; official slots left blank where required
scene_007.png,1920,1080,generated,ready for Codex; official slots left blank where required
scene_008.png,1920,1080,generated,ready for Codex; official slots left blank where required
scene_009.png,1920,1080,generated,ready for Codex; official slots left blank where required
scene_010.png,1920,1080,generated,ready for Codex; official slots left blank where required
scene_011.png,1920,1080,generated,ready for Codex; official slots left blank where required
scene_012.png,1920,1080,generated,ready for Codex; official slots left blank where required
scene_013.png,1920,1080,generated,ready for Codex; official slots left blank where required
scene_014.png,1920,1080,generated,ready for Codex; official slots left blank where required
scene_015.png,1920,1080,generated,ready for Codex; official slots left blank where required
scene_016.png,1920,1080,generated,ready for Codex; official slots left blank where required
scene_017.png,1920,1080,generated,ready for Codex; official slots left blank where required
scene_018.png,1920,1080,generated,ready for Codex; official slots left blank where required
scene_019.png,1920,1080,generated,ready for Codex; official slots left blank where required
scene_020.png,1920,1080,generated,ready for Codex; official slots left blank where required
scene_021.png,1920,1080,generated,ready for Codex; official slots left blank where required
scene_022.png,1920,1080,generated,ready for Codex; official slots left blank where required
scene_023.png,1920,1080,generated,ready for Codex; official slots left blank where required
scene_024.png,1920,1080,generated,ready for Codex; official slots left blank where required
scene_025.png,1920,1080,generated,ready for Codex; official slots left blank where required
scene_026.png,1920,1080,generated,ready for Codex; official slots left blank where required
scene_027.png,1920,1080,generated,ready for Codex; official slots left blank where required
scene_028.png,1920,1080,generated,ready for Codex; official slots left blank where required
scene_029.png,1920,1080,generated,ready for Codex; official slots left blank where required
scene_030.png,1920,1080,generated,ready for Codex; official slots left blank where required
scene_031.png,1920,1080,generated,ready for Codex; official slots left blank where required
scene_032.png,1920,1080,generated,ready for Codex; official slots left blank where required
scene_033.png,1920,1080,generated,ready for Codex; official slots left blank where required
scene_034.png,1920,1080,generated,ready for Codex; official slots left blank where required
scene_035.png,1920,1080,generated,ready for Codex; official slots left blank where required
scene_033b.png,1920,1080,generated,SCENE-033 optional emphasis variant
